{"PRICE_FILTER":{"BTCUSDT":0.01,"ETHUSDT":0.01,"BCHUSDT":0.01,"XRPUSDT":0.0001,"EOSUSDT":0.001,"LTCUSDT":0.01,"TRXUSDT":0.00001,"ETCUSDT":0.001,"LINKUSDT":0.001,"XLMUSDT":0.00001,"ADAUSDT":0.00001,"XMRUSDT":0.01,"DASHUSDT":0.01,"ZECUSDT":0.01,"XTZUSDT":0.001,"BNBUSDT":0.001,"ATOMUSDT":0.001,"ONTUSDT":0.0001,"IOTAUSDT":0.0001,"BATUSDT":0.0001,"VETUSDT":0.000001,"NEOUSDT":0.001,"QTUMUSDT":0.001,"IOSTUSDT":0.000001,"THETAUSDT":0.0001,"ALGOUSDT":0.0001,"ZILUSDT":0.00001,"KNCUSDT":0.00001,"ZRXUSDT":0.0001,"COMPUSDT":0.01,"OMGUSDT":0.0001,"DOGEUSDT":0.000001,"SXPUSDT":0.0001,"KAVAUSDT":0.0001,"BANDUSDT":0.0001,"RLCUSDT":0.0001,"WAVESUSDT":0.0001,"MKRUSDT":0.01,"SNXUSDT":0.001,"DOTUSDT":0.001,"DEFIUSDT":0.1,"YFIUSDT":0.1,"BALUSDT":0.001,"CRVUSDT":0.001,"TRBUSDT":0.001,"YFIIUSDT":0.1,"RUNEUSDT":0.0001,"SUSHIUSDT":0.0001,"SRMUSDT":0.0001,"BZRXUSDT":0.0001,"EGLDUSDT":0.001,"SOLUSDT":0.0001,"ICXUSDT":0.0001,"STORJUSDT":0.0001,"BLZUSDT":0.00001,"UNIUSDT":0.0001,"AVAXUSDT":0.0001,"FTMUSDT":0.000001,"HNTUSDT":0.0001,"ENJUSDT":0.00001,"FLMUSDT":0.0001,"TOMOUSDT":0.0001,"RENUSDT":0.00001,"KSMUSDT":0.001,"NEARUSDT":0.0001,"AAVEUSDT":0.001,"FILUSDT":0.001,"RSRUSDT":0.000001,"LRCUSDT":0.00001,"MATICUSDT":0.00001,"OCEANUSDT":0.00001,"CVCUSDT":0.00001,"BELUSDT":0.00001,"CTKUSDT":0.00001,"AXSUSDT":0.00001,"ALPHAUSDT":0.00001,"ZENUSDT":0.001,"SKLUSDT":0.00001,"GRTUSDT":0.00001,"1INCHUSDT":0.0001,"BTCBUSD":0.1,"AKROUSDT":0.00001,"CHZUSDT":0.00001,"SANDUSDT":0.00001,"ANKRUSDT":0.000001,"LUNAUSDT":0.0001,"BTSUSDT":0.00001,"BTCUSDT_210326":0.1,"ETHUSDT_210326":0.01,"LITUSDT":0.001,"UNFIUSDT":0.001,"DODOUSDT":0.001,"REEFUSDT":0.000001,"RVNUSDT":0.00001,"SFPUSDT":0.0001,"XEMUSDT":0.0001,"BTCSTUSDT":0.001,"COTIUSDT":0.00001,"CHRUSDT":0.0001,"MANAUSDT":0.0001,"ALICEUSDT":0.001,"BTCUSDT_210625":0.1,"ETHUSDT_210625":0.01,"HBARUSDT":0.00001,"ONEUSDT":0.00001,"LINAUSDT":0.00001,"STMXUSDT":0.00001},"LOT_SIZE":{"BTCUSDT":0.001,"ETHUSDT":0.001,"BCHUSDT":0.001,"XRPUSDT":0.1,"EOSUSDT":0.1,"LTCUSDT":0.001,"TRXUSDT":1.0,"ETCUSDT":0.01,"LINKUSDT":0.01,"XLMUSDT":1.0,"ADAUSDT":1.0,"XMRUSDT":0.001,"DASHUSDT":0.001,"ZECUSDT":0.001,"XTZUSDT":0.1,"BNBUSDT":0.01,"ATOMUSDT":0.01,"ONTUSDT":0.1,"IOTAUSDT":0.1,"BATUSDT":0.1,"VETUSDT":1.0,"NEOUSDT":0.01,"QTUMUSDT":0.1,"IOSTUSDT":1.0,"THETAUSDT":0.1,"ALGOUSDT":0.1,"ZILUSDT":1.0,"KNCUSDT":1.0,"ZRXUSDT":0.1,"COMPUSDT":0.001,"OMGUSDT":0.1,"DOGEUSDT":1.0,"SXPUSDT":0.1,"KAVAUSDT":0.1,"BANDUSDT":0.1,"RLCUSDT":0.1,"WAVESUSDT":0.1,"MKRUSDT":0.001,"SNXUSDT":0.1,"DOTUSDT":0.1,"DEFIUSDT":0.001,"YFIUSDT":0.001,"BALUSDT":0.1,"CRVUSDT":0.1,"TRBUSDT":0.1,"YFIIUSDT":0.001,"RUNEUSDT":1.0,"SUSHIUSDT":1.0,"SRMUSDT":1.0,"BZRXUSDT":1.0,"EGLDUSDT":0.1,"SOLUSDT":1.0,"ICXUSDT":1.0,"STORJUSDT":1.0,"BLZUSDT":1.0,"UNIUSDT":1.0,"AVAXUSDT":1.0,"FTMUSDT":1.0,"HNTUSDT":1.0,"ENJUSDT":1.0,"FLMUSDT":1.0,"TOMOUSDT":1.0,"RENUSDT":1.0,"KSMUSDT":0.1,"NEARUSDT":1.0,"AAVEUSDT":0.1,"FILUSDT":0.1,"RSRUSDT":1.0,"LRCUSDT":1.0,"MATICUSDT":1.0,"OCEANUSDT":1.0,"CVCUSDT":1.0,"BELUSDT":1.0,"CTKUSDT":1.0,"AXSUSDT":1.0,"ALPHAUSDT":1.0,"ZENUSDT":0.1,"SKLUSDT":1.0,"GRTUSDT":1.0,"1INCHUSDT":1.0,"BTCBUSD":0.001,"AKROUSDT":1.0,"CHZUSDT":1.0,"SANDUSDT":1.0,"ANKRUSDT":1.0,"LUNAUSDT":1.0,"BTSUSDT":1.0,"BTCUSDT_210326":0.001,"ETHUSDT_210326":0.001,"LITUSDT":0.1,"UNFIUSDT":0.1,"DODOUSDT":0.1,"REEFUSDT":1.0,"RVNUSDT":1.0,"SFPUSDT":1.0,"XEMUSDT":1.0,"BTCSTUSDT":0.1,"COTIUSDT":1.0,"CHRUSDT":1.0,"MANAUSDT":1.0,"ALICEUSDT":0.1,"BTCUSDT_210625":0.001,"ETHUSDT_210625":0.001,"HBARUSDT":1.0,"ONEUSDT":1.0,"LINAUSDT":1.0,"STMXUSDT":1.0},"MIN_NOTIONAL":{"BTCUSDT":5.0,"ETHUSDT":5.0,"BCHUSDT":5.0,"XRPUSDT":5.0,"EOSUSDT":5.0,"LTCUSDT":5.0,"TRXUSDT":5.0,"ETCUSDT":5.0,"LINKUSDT":5.0,"XLMUSDT":5.0,"ADAUSDT":5.0,"XMRUSDT":5.0,"DASHUSDT":5.0,"ZECUSDT":5.0,"XTZUSDT":5.0,"BNBUSDT":5.0,"ATOMUSDT":5.0,"ONTUSDT":5.0,"IOTAUSDT":5.0,"BATUSDT":5.0,"VETUSDT":5.0,"NEOUSDT":5.0,"QTUMUSDT":5.0,"IOSTUSDT":5.0,"THETAUSDT":5.0,"ALGOUSDT":5.0,"ZILUSDT":5.0,"KNCUSDT":5.0,"ZRXUSDT":5.0,"COMPUSDT":5.0,"OMGUSDT":5.0,"DOGEUSDT":5.0,"SXPUSDT":5.0,"KAVAUSDT":5.0,"BANDUSDT":5.0,"RLCUSDT":5.0,"WAVESUSDT":5.0,"MKRUSDT":5.0,"SNXUSDT":5.0,"DOTUSDT":5.0,"DEFIUSDT":5.0,"YFIUSDT":5.0,"BALUSDT":5.0,"CRVUSDT":5.0,"TRBUSDT":5.0,"YFIIUSDT":5.0,"RUNEUSDT":5.0,"SUSHIUSDT":5.0,"SRMUSDT":5.0,"BZRXUSDT":5.0,"EGLDUSDT":5.0,"SOLUSDT":5.0,"ICXUSDT":5.0,"STORJUSDT":5.0,"BLZUSDT":5.0,"UNIUSDT":5.0,"AVAXUSDT":5.0,"FTMUSDT":5.0,"HNTUSDT":5.0,"ENJUSDT":5.0,"FLMUSDT":5.0,"TOMOUSDT":5.0,"RENUSDT":5.0,"KSMUSDT":5.0,"NEARUSDT":5.0,"AAVEUSDT":5.0,"FILUSDT":5.0,"RSRUSDT":5.0,"LRCUSDT":5.0,"MATICUSDT":5.0,"OCEANUSDT":5.0,"CVCUSDT":5.0,"BELUSDT":5.0,"CTKUSDT":5.0,"AXSUSDT":5.0,"ALPHAUSDT":5.0,"ZENUSDT":5.0,"SKLUSDT":5.0,"GRTUSDT":5.0,"1INCHUSDT":5.0,"BTCBUSD":5.0,"AKROUSDT":5.0,"CHZUSDT":5.0,"SANDUSDT":5.0,"ANKRUSDT":5.0,"LUNAUSDT":5.0,"BTSUSDT":5.0,"BTCUSDT_210326":5.0,"ETHUSDT_210326":5.0,"LITUSDT":5.0,"UNFIUSDT":5.0,"DODOUSDT":5.0,"REEFUSDT":5.0,"RVNUSDT":5.0,"SFPUSDT":5.0,"XEMUSDT":5.0,"BTCSTUSDT":5.0,"COTIUSDT":5.0,"CHRUSDT":5.0,"MANAUSDT":5.0,"ALICEUSDT":5.0,"BTCUSDT_210625":5.0,"ETHUSDT_210625":5.0,"HBARUSDT":5.0,"ONEUSDT":5.0,"LINAUSDT":5.0,"STMXUSDT":5.0}}